meter_id,customer_type,tariff,electric_heating,connection_year,years_connected,district
UA101530,household,dual_zone,0,2020,6,Obolon
UA101567,industrial,single,0,2000,26,Sviatoshyn
UA104444,household,dual_zone,1,1995,30,darnytsia
UA104531,small_business,single,0,2004,22,Sviatoshyn
UA105678,household,single,0,2024,1,Obolon
UA112520,industrial,single,0,2003,22,Sviatoshyn
00UA114356,small_business,single,0,2007,19,Sviatoshyn
UA117421,household,dual_zone,1,2015,11,Solomianka
UA117552,household,dual_zone,0,2014,11,Sviatoshyn
UA118052,household,single,0,2024,1,Podil
UA118092,household,single,0,2016,10,Podil
UA118354,industrial,single,0,1999,27,Sviatoshyn
UA119939,household,single,0,2023,3,Sviatoshyn
UA122178,small_business,single,0,1998,28,Solomianka
UA124195,household,single,0,1997,28,Podil
UA127595,household,dual_zone,1,1996,29,solomianka
UA129121,small_business,single,0,2015,10,Sviatoshyn
UA129581,small_business,single,0,1989,37,Sviatoshyn
UA129978,household,dual_zone,0,2018,8,Obolon
UA130484,small_business,single,0,1998,27,Podil
UA130693,household,single,0,2020,6,Darnytsia
UA132401,household,dual_zone,1,2011,14,Podil
UA133064,household,single,0,2012,14,Sviatoshyn
UA133656,household,single,0,1994,32,Podil
00UA134034,household,dual_zone,1,1994,32,Solomianka
UA134755,household,single,0,1996,29,Sviatoshyn
UA134818,small_business,single,0,2011,14,Solomianka
UA135592,household,dual_zone,1,1990,35,Podil
UA136010,household,single,0,1999,26,Sviatoshyn
UA137257,household,dual_zone,1,2022,4,Sviatoshyn
UA138322,household,single,0,2007,18,Obolon
UA138770,small_business,single,0,2015,11,Darnytsia
UA138970,household,single,1,2007,19,solomianka
UA139219,household,single,0,2007,19,Solomianka
UA140034,household,dual_zone,0,2001,25,Solomianka
UA141784,household,single,0,2018,7,Sviatoshyn
UA141944,small_business,dual_zone,0,2024,2,Sviatoshyn
UA143182,household,single,0,1996,29,Solomianka
UA143518,household,single,0,1990,36,Sviatoshyn
UA145142,small_business,single,0,1993,32,Obolon
UA145455,industrial,single,0,1998,27,SOLOMIANKA
UA145565,small_business,single,0,2012,14,Darnytsia
UA146753,household,single,1,1991,34,Obolon
UA148511,household,dual_zone,0,2024,2,Obolon
UA150048,industrial,single,0,1997,28,Obolon
UA151327,household,single,0,2010,16,Solomianka
00UA151542,small_business,single,0,1999,27,Sviatoshyn
UA152064,industrial,single,0,2021,4,podil
UA152237,industrial,single,0,1996,30,Sviatoshyn
UA152245,industrial,single,0,2020,6,SOLOMIANKA
UA154547,household,single,0,2024,2,Sviatoshyn
UA154561,small_business,dual_zone,1,2007,18,Solomianka
UA156838,small_business,single,0,2024,2,Solomianka
UA157125,industrial,dual_zone,0,2012,13,Sviatoshyn
UA157170,household,dual_zone,0,2000,25,SOLOMIANKA
UA163801,small_business,dual_zone,0,2003,22,Solomianka
UA164082,industrial,single,0,2004,21,Solomianka
UA164896,household,dual_zone,1,2013,12,Obolon
UA167478,household,single,0,2023,2,Sviatoshyn
UA167953,household,single,0,1985,40,DARNYTSIA
UA169396,household,dual_zone,1,2023,2,Sviatoshyn
UA169426,household,single,0,1996,30,Podil
UA170692,small_business,single,0,2023,2,Sviatoshyn
UA172751,household,dual_zone,0,2005,21,Darnytsia
UA173119,household,single,1,2016,9,Sviatoshyn
UA174243,small_business,single,0,2023,2,Podil
UA174471,household,single,0,2013,13,Podil
UA176180,household,dual_zone,1,1991,35,Darnytsia
UA176399,small_business,single,0,1999,27,Solomianka
UA176443,small_business,single,0,2013,12,Podil
UA177322,household,dual_zone,1,2022,4,Podil
UA178424,household,dual_zone,0,1994,32,Podil
UA179168,household,single,1,1997,28,Darnytsia
UA179604,household,single,0,2011,14,Sviatoshyn
UA180006,household,single,0,1998,28,Solomianka
UA180145,industrial,dual_zone,0,1999,26,Podil
UA180199,household,single,0,2014,12,Solomianka
UA181650,household,single,0,2020,6,Podil
UA181930,household,dual_zone,0,1985,41,Obolon
UA181967,household,single,0,1987,38,Solomianka
UA182614,small_business,single,0,2006,20,Podil
UA184302,household,dual_zone,0,1986,39,Podil
UA185252,household,single,0,1987,38,Obolon
UA187181,household,dual_zone,1,2022,4,Podil
UA187781,household,single,0,2006,20,Sviatoshyn
UA188063,household,single,0,2023,2,Solomianka
UA188483,household,dual_zone,0,2014,11,Solomianka
UA190944,household,dual_zone,1,1986,40,Podil
UA195467,household,single,0,2012,13,Obolon
UA196721,household,dual_zone,0,2002,23,Sviatoshyn
UA197210,household,dual_zone,1,1998,27,Sviatoshyn
UA197773,household,single,0,1985,40,Sviatoshyn
00UA197845,industrial,dual_zone,0,2016,9,Solomianka
UA199024,small_business,single,0,2015,11,Darnytsia
UA199892,household,dual_zone,0,2000,26,Sviatoshyn
UA203515,small_business,single,0,2019,7,Sviatoshyn
UA203959,small_business,single,0,2017,8,sviatoshyn
UA204382,small_business,single,0,2004,21,Solomianka
UA204837,household,dual_zone,0,2020,5,Darnytsia
UA205160,household,dual_zone,1,2005,20,Solomianka
UA205395,household,dual_zone,1,2010,15,Podil
UA205409,small_business,single,0,2023,3,Sviatoshyn
UA206101,small_business,single,0,1986,40,Obolon
UA207110,household,single,0,2011,15,Podil
UA208458,household,single,0,2002,24,Darnytsia
UA208819,household,single,0,2012,13,Podil
UA210864,small_business,single,1,2007,19,Sviatoshyn
UA211066,household,dual_zone,1,1986,39,Sviatoshyn
UA211300,small_business,single,0,1996,30,Solomianka
UA211551,household,dual_zone,1,2020,5,Obolon
UA214752,small_business,dual_zone,0,2002,24,solomianka
UA216108,small_business,single,0,2010,16,Sviatoshyn
UA218505,small_business,dual_zone,0,2001,25,Darnytsia
UA218557,small_business,single,0,1993,33,Solomianka
UA220416,household,single,0,1990,35,Darnytsia
UA220775,industrial,single,0,2005,21,Darnytsia
UA221105,household,single,0,2011,14,Solomianka
UA222536,household,single,0,1991,34,Obolon
UA224267,industrial,single,0,2021,4,obolon
UA224811,industrial,single,0,1987,38,Solomianka
UA225823,household,single,0,1997,28,Obolon
UA227906,household,single,0,1997,28,Solomianka
UA228959,household,dual_zone,0,1986,40,Solomianka
UA231014,small_business,dual_zone,0,2023,2,Solomianka
UA235434,small_business,single,0,1998,28,Podil
UA236774,small_business,single,0,2020,6,Darnytsia
UA238217,household,dual_zone,1,2010,16,Podil
UA238351,small_business,single,0,2000,25,Sviatoshyn
UA238758,household,single,0,2010,16,Solomianka
UA240123,household,single,0,2022,4,Obolon
UA241223,household,dual_zone,1,2011,15,Obolon
UA241882,household,dual_zone,0,1987,39,Podil
00UA242244,household,single,0,2012,14,Podil
UA242334,household,single,0,2019,6,Solomianka
UA245060,household,dual_zone,1,2010,15,Sviatoshyn
00UA247070,household,dual_zone,0,2023,3,SOLOMIANKA
UA247860,small_business,single,0,1988,37,Solomianka
UA248402,household,single,1,2007,18,Darnytsia
UA250369,household,single,0,1992,33,Podil
UA252229,industrial,dual_zone,0,2003,23,Sviatoshyn
UA253187,small_business,single,0,2005,20,Solomianka
UA253378,household,single,0,1994,32,Darnytsia
UA254828,household,dual_zone,1,2001,25,Darnytsia
UA255824,household,dual_zone,1,2020,6,Darnytsia
UA256110,industrial,dual_zone,0,2015,11,Solomianka
UA257484,household,dual_zone,1,2010,15,Podil
UA258637,household,single,1,2018,7,Podil
UA259786,small_business,single,0,2010,15,SOLOMIANKA
UA260555,household,single,0,2023,3,Podil
UA260975,small_business,single,0,2015,11,Podil
UA261963,household,single,0,2003,22,Solomianka
UA262677,household,single,0,1990,35,Darnytsia
UA263020,household,single,0,1988,37,Sviatoshyn
UA263501,household,dual_zone,1,2019,6,Darnytsia
UA265159,household,single,0,1994,32,Obolon
UA266065,industrial,dual_zone,0,1997,29,Solomianka
UA267397,household,dual_zone,1,1991,35,Obolon
UA267577,small_business,dual_zone,0,1999,27,Darnytsia
UA268458,household,single,1,2023,3,Solomianka
UA271035,small_business,single,0,2024,2,Solomianka
UA272383,small_business,single,0,1998,27,Podil
UA274769,household,single,0,1985,40,Sviatoshyn
UA274987,household,dual_zone,1,2010,16,Solomianka
UA275591,household,single,0,2014,11,Sviatoshyn
UA276838,household,dual_zone,0,1993,33,Solomianka
UA277561,industrial,dual_zone,0,2010,15,Podil
UA279321,household,single,0,1985,41,Darnytsia
UA279497,small_business,single,0,2003,22,Solomianka
UA280959,small_business,single,0,2002,23,Darnytsia
UA281327,small_business,single,0,2013,13,Obolon
UA282187,small_business,single,0,2005,21,Podil
UA283213,household,single,0,2019,6,Solomianka
UA283405,industrial,single,0,2016,10,obolon
UA283817,household,single,0,2000,26,Solomianka
UA285182,small_business,single,0,2022,4,Solomianka
UA285986,household,single,0,1989,36,Obolon
UA288484,household,single,0,1991,35,Darnytsia
UA289155,household,single,0,2011,14,Podil
UA289272,household,dual_zone,1,2023,2,Obolon
UA289963,household,single,0,2013,12,Solomianka
UA291439,household,single,0,2006,19,Sviatoshyn
UA291514,household,single,0,2012,14,Obolon
UA291924,household,single,0,1994,32,Darnytsia
00UA294480,small_business,single,0,2000,26,Sviatoshyn
UA294654,household,single,0,1992,33,Podil
UA296283,household,single,1,1994,31,Obolon
UA296640,household,dual_zone,1,1997,28,Sviatoshyn
UA299672,small_business,single,0,2006,20,Sviatoshyn
UA302828,household,single,0,2002,24,Obolon
UA303427,household,single,0,2022,4,Sviatoshyn
UA304236,household,dual_zone,1,2019,7,Darnytsia
UA305775,household,dual_zone,0,2011,14,Obolon
UA306041,household,dual_zone,1,2009,16,Solomianka
UA308053,small_business,dual_zone,1,2000,26,Darnytsia
UA308315,household,single,0,1995,31,Obolon
UA308710,small_business,dual_zone,0,2001,24,Darnytsia
UA310630,household,dual_zone,1,2012,14,Darnytsia
UA311649,household,dual_zone,0,1989,37,Podil
UA312444,household,single,0,1998,27,Podil
UA312468,small_business,single,0,2001,24,Obolon
UA314822,household,single,1,2017,9,Podil
UA315105,household,single,0,2000,25,Podil
UA315277,industrial,single,1,2006,19,Podil
UA315677,household,single,0,2009,16,Podil
UA317640,small_business,single,0,2016,9,Solomianka
UA318543,small_business,single,0,1999,26,Podil
UA320151,household,single,0,2004,22,Podil
UA323078,household,single,1,1994,32,solomianka
UA324136,household,single,0,2004,22,Obolon
UA327597,household,dual_zone,1,2000,25,Solomianka
UA328437,small_business,single,0,1991,34,Podil
UA329271,household,single,0,2021,5,Solomianka
UA331028,household,dual_zone,1,2015,10,Darnytsia
UA331244,household,single,0,2005,21,Darnytsia
UA331863,household,single,0,1986,39,Solomianka
UA334257,household,dual_zone,0,1991,34,Darnytsia
UA336006,household,dual_zone,0,1989,37,Darnytsia
UA336458,household,dual_zone,1,1999,26,Darnytsia
UA339245,small_business,single,0,2015,11,Sviatoshyn
UA340261,household,single,0,1987,38,Obolon
UA340627,household,single,0,1994,32,Darnytsia
UA342176,small_business,single,0,2000,26,Podil
UA343464,household,dual_zone,1,2020,6,Podil
UA343469,household,single,0,2019,6,Sviatoshyn
UA343727,household,dual_zone,1,2009,17,Obolon
UA344096,household,single,0,2004,22,Solomianka
UA344476,small_business,dual_zone,1,2013,12,Solomianka
UA344906,small_business,single,0,2010,15,Solomianka
UA345041,small_business,single,0,1998,28,Podil
UA346464,household,single,0,1989,37,Darnytsia
UA347183,small_business,dual_zone,0,2016,10,Podil
UA347829,household,single,0,2008,17,SVIATOSHYN
UA347940,small_business,single,0,2019,7,Sviatoshyn
UA348259,household,dual_zone,1,1995,31,Obolon
UA348684,industrial,dual_zone,0,1990,35,Podil
UA349454,small_business,single,0,2013,12,Darnytsia
UA349469,household,single,0,2018,7,Sviatoshyn
UA349573,small_business,dual_zone,0,2015,11,Obolon
UA351780,household,single,0,1999,26,Sviatoshyn
UA352286,household,dual_zone,1,2021,4,Solomianka
UA352755,household,single,0,2019,7,SOLOMIANKA
UA355027,household,single,0,2006,20,Solomianka
UA355181,household,single,0,1999,27,Podil
UA355529,household,single,0,2014,12,Obolon
UA355597,household,single,0,2004,21,Podil
UA355786,household,dual_zone,1,1992,34,Sviatoshyn
UA356984,household,dual_zone,1,2019,7,Obolon
UA357301,small_business,dual_zone,0,2021,5,Sviatoshyn
UA359952,household,dual_zone,1,2017,9,Podil
UA359998,household,dual_zone,0,1992,33,Sviatoshyn
UA361444,small_business,single,0,2021,4,Sviatoshyn
UA362941,household,single,0,2008,17,Solomianka
UA363168,small_business,single,0,2002,24,Solomianka
UA365028,household,dual_zone,0,2024,2,Darnytsia
UA366087,household,single,0,2012,14,Podil
UA366648,household,dual_zone,1,2014,11,Darnytsia
00UA367457,small_business,single,0,1991,35,Darnytsia
UA367736,small_business,single,0,1997,29,Solomianka
UA368260,small_business,dual_zone,1,1991,34,Podil
UA369228,small_business,single,0,2022,3,Podil
UA370729,household,single,0,2024,2,Sviatoshyn
UA371457,household,dual_zone,0,1987,39,Sviatoshyn
00UA372002,household,dual_zone,1,1985,40,Obolon
UA373988,household,single,0,2001,24,Obolon
UA375615,household,single,1,2002,23,Podil
UA376680,industrial,single,0,2000,26,Sviatoshyn
UA378006,household,single,0,2000,26,Darnytsia
UA378249,household,single,0,2023,2,Solomianka
UA379705,household,single,0,1986,40,Solomianka
UA380541,household,dual_zone,1,1994,31,Solomianka
UA382241,household,single,0,1995,31,darnytsia
UA385096,industrial,dual_zone,0,2004,21,Podil
UA385311,household,dual_zone,1,2023,3,Obolon
UA386126,household,single,0,2015,11,Sviatoshyn
UA386383,household,single,0,1991,34,Podil
00UA386811,household,single,0,2004,22,Obolon
UA387853,household,single,0,2009,16,solomianka
UA388360,household,dual_zone,1,2004,21,SOLOMIANKA
UA389947,small_business,single,0,1989,37,Podil
UA390094,household,single,0,2006,20,Sviatoshyn
UA390527,industrial,single,0,2011,14,Sviatoshyn
UA391145,small_business,single,0,2012,13,Obolon
UA391649,small_business,single,0,2007,18,Obolon
UA393913,household,dual_zone,0,1997,28,Solomianka
UA394553,household,single,0,1990,36,podil
UA395389,household,single,0,2023,3,Darnytsia
UA396576,household,single,0,2004,22,PODIL
UA400837,household,single,0,1999,26,SOLOMIANKA
UA402358,household,single,0,1986,39,Sviatoshyn
UA403675,small_business,single,0,2023,2,Obolon
UA404008,small_business,single,0,2010,16,Obolon
UA404803,industrial,single,0,1986,39,Obolon
UA405009,household,dual_zone,0,1996,29,Darnytsia
UA405898,household,single,0,2003,23,Podil
UA406741,small_business,single,0,1991,35,Podil
UA406882,household,dual_zone,1,2011,14,Obolon
UA407179,household,single,0,1995,31,Darnytsia
UA407608,household,single,0,2006,20,Darnytsia
UA410869,small_business,single,0,2010,15,Obolon
UA411078,small_business,single,0,1995,30,Darnytsia
UA412281,household,single,1,2014,11,Obolon
UA413683,household,single,1,2023,2,Obolon
UA414111,household,single,0,1988,38,Darnytsia
UA414290,household,dual_zone,1,2007,19,Podil
UA414390,household,single,0,2022,4,Podil
UA415564,household,dual_zone,0,2010,16,Obolon
UA416311,household,dual_zone,0,2015,10,Podil
UA418232,household,dual_zone,1,2014,11,Podil
00UA418825,household,single,0,2008,17,Obolon
UA419802,small_business,single,0,2021,4,Obolon
UA421509,industrial,dual_zone,0,2006,20,Sviatoshyn
UA422164,household,dual_zone,1,1987,38,Sviatoshyn
UA423447,household,single,1,1986,39,Podil
UA424123,household,dual_zone,1,2007,18,Solomianka
UA424917,household,single,0,2017,9,Podil
UA425070,household,dual_zone,1,2024,2,Darnytsia
UA425494,household,single,0,2021,5,Solomianka
UA426821,industrial,single,0,1994,31,Solomianka
UA428350,small_business,single,0,1998,28,Obolon
UA429259,household,single,0,2000,25,Obolon
UA430375,household,dual_zone,1,2019,7,DARNYTSIA
UA431785,household,single,0,2004,22,Solomianka
UA431955,small_business,dual_zone,1,1988,38,Podil
UA433108,household,single,0,1996,30,Podil
UA434013,small_business,single,0,2024,1,Obolon
UA435209,small_business,single,0,2005,20,Podil
UA436761,household,dual_zone,1,1993,32,Sviatoshyn
UA439304,industrial,dual_zone,0,1998,27,Solomianka
UA442248,small_business,single,0,2002,23,Sviatoshyn
UA442367,small_business,single,0,2003,22,Darnytsia
UA445202,household,single,0,2005,21,Sviatoshyn
UA445336,household,single,0,2006,20,Sviatoshyn
UA446699,household,single,0,2021,4,Sviatoshyn
UA447535,household,single,0,1997,28,Obolon
UA448901,household,dual_zone,1,2018,7,Solomianka
UA452289,household,dual_zone,1,1996,30,solomianka
UA456009,industrial,dual_zone,0,2009,17,Solomianka
UA457337,small_business,single,0,2006,19,Solomianka
UA459897,industrial,single,0,2022,3,Podil
UA462554,household,single,0,1990,36,DARNYTSIA
UA462844,household,dual_zone,1,1999,27,OBOLON
UA465134,small_business,dual_zone,0,2009,17,Podil
UA468646,household,single,0,1987,39,Darnytsia
UA472045,household,single,0,2010,15,Obolon
UA472814,industrial,single,0,2008,18,Sviatoshyn
UA475250,household,dual_zone,1,1991,34,Podil
UA475270,small_business,dual_zone,0,2005,21,Podil
UA475572,household,single,0,2004,22,Darnytsia
UA476245,household,dual_zone,0,2001,24,Solomianka
UA478866,household,single,0,2002,23,Podil
UA482851,small_business,single,0,2000,25,Sviatoshyn
UA484828,household,single,0,1995,30,Darnytsia
UA484892,small_business,dual_zone,1,1996,30,Obolon
UA485892,household,single,0,2001,25,Sviatoshyn
UA486381,small_business,single,0,1993,33,Podil
UA487315,household,single,0,1992,33,Solomianka
UA487736,household,single,0,2024,2,Solomianka
00UA490132,household,single,0,1992,33,Solomianka
UA490552,small_business,single,0,1990,36,SOLOMIANKA
UA490777,household,dual_zone,1,2011,15,Solomianka
UA491196,small_business,single,0,1993,33,PODIL
UA491750,household,single,0,1988,38,Sviatoshyn
UA493724,household,dual_zone,1,1985,41,Darnytsia
00UA493850,household,single,0,2000,25,Podil
UA494256,household,dual_zone,1,1991,35,Obolon
UA494965,household,dual_zone,1,2009,17,Podil
UA495059,household,single,0,2009,16,Solomianka
UA495702,industrial,single,0,1996,29,Podil
UA496537,household,single,0,2007,18,Darnytsia
UA496946,household,single,0,1989,37,Obolon
UA497713,household,dual_zone,1,2009,16,Solomianka
UA500535,household,single,0,2020,5,Sviatoshyn
UA501189,household,dual_zone,1,2004,21,Darnytsia
UA502502,household,single,0,1988,37,Obolon
UA502959,household,dual_zone,0,1992,34,Sviatoshyn
00UA504233,small_business,single,0,2021,5,Obolon
UA504583,industrial,dual_zone,0,2012,13,Solomianka
UA504771,household,single,0,1988,37,Obolon
UA505356,household,single,0,2023,2,Solomianka
UA506907,household,dual_zone,0,1995,30,darnytsia
UA507143,household,single,1,2007,18,Podil
UA507995,household,single,0,2017,8,Solomianka
UA511512,household,dual_zone,1,2016,10,Solomianka
UA512887,household,single,0,1993,32,Podil
UA513564,small_business,single,0,2024,2,Darnytsia
UA514543,household,dual_zone,0,1998,28,Obolon
UA516502,household,single,0,2005,21,darnytsia
UA516586,household,single,0,1996,29,Podil
00UA517495,small_business,dual_zone,0,2005,20,Sviatoshyn
UA518045,small_business,dual_zone,1,2010,16,Darnytsia
UA520373,household,dual_zone,1,2015,11,sviatoshyn
UA522000,household,single,1,1994,31,Sviatoshyn
UA522841,household,single,0,2024,1,Sviatoshyn
UA522930,household,single,0,2007,19,Sviatoshyn
UA525467,small_business,single,0,1995,31,Podil
UA528171,industrial,single,0,2006,20,Obolon
00UA529315,household,dual_zone,1,1996,29,Darnytsia
UA530425,household,single,0,1993,32,Podil
00UA531916,household,single,0,2014,11,Obolon
UA532050,small_business,single,0,2009,16,Obolon
UA533780,household,dual_zone,0,2011,15,Podil
UA534081,small_business,single,0,1986,39,Solomianka
UA534664,small_business,single,0,1994,32,Podil
UA535728,industrial,single,0,1991,34,Podil
UA537251,household,single,0,2003,22,Podil
UA538990,household,dual_zone,1,1995,30,Obolon
UA539417,household,single,0,2008,17,Obolon
UA541307,household,dual_zone,0,2018,7,Obolon
UA542529,small_business,dual_zone,0,1986,40,Obolon
UA548650,household,dual_zone,0,1986,40,Darnytsia
UA553022,small_business,single,0,2002,23,Obolon
UA555426,small_business,single,0,1997,29,Obolon
UA555696,household,dual_zone,0,1990,36,Sviatoshyn
UA555711,small_business,dual_zone,0,2020,5,Obolon
UA555826,household,single,0,1991,34,Solomianka
UA560567,household,dual_zone,1,2017,8,Podil
UA560876,household,single,0,1997,29,Podil
UA561552,household,dual_zone,1,2002,23,Darnytsia
UA562674,household,single,0,2002,23,Podil
UA562682,household,single,0,2022,3,Obolon
UA563722,small_business,single,1,2001,24,Obolon
UA563730,household,single,0,1987,38,podil
UA568671,household,single,0,2022,4,Obolon
UA569340,household,single,0,1986,39,Sviatoshyn
UA569558,household,single,0,2022,3,Darnytsia
00UA570246,household,single,0,2021,5,Obolon
UA570763,industrial,single,0,1998,28,Solomianka
UA571026,household,single,0,1998,27,Podil
UA571209,household,dual_zone,0,2011,14,Podil
UA571965,small_business,single,0,1996,29,Obolon
UA573092,household,single,0,2023,3,Sviatoshyn
UA573969,household,single,0,1993,33,Sviatoshyn
UA575161,small_business,single,0,2023,3,Solomianka
UA575579,small_business,single,0,2020,5,Darnytsia
UA576493,household,single,0,1996,29,Darnytsia
UA577527,small_business,single,0,1998,28,Sviatoshyn
UA578256,household,single,0,2008,18,Solomianka
UA581354,household,single,0,1990,36,Darnytsia
UA583443,small_business,single,0,2000,25,PODIL
UA584565,household,single,0,1997,29,Podil
UA585205,household,single,1,2018,7,Podil
UA585488,household,single,0,2016,10,Solomianka
UA585776,household,dual_zone,0,2022,3,Podil
UA590581,household,single,0,2024,2,Sviatoshyn
UA591743,small_business,single,0,2024,1,Podil
UA594182,industrial,single,0,2007,18,Darnytsia
UA595048,household,dual_zone,1,2018,8,Darnytsia
UA595434,household,dual_zone,0,2016,10,Darnytsia
UA596654,household,dual_zone,1,2004,22,Solomianka
UA599472,household,single,1,2011,15,Solomianka
UA599833,industrial,dual_zone,0,1985,41,DARNYTSIA
UA600784,household,single,0,1995,30,Obolon
UA601836,small_business,single,0,2020,5,Obolon
UA602066,household,dual_zone,1,1991,35,Sviatoshyn
UA604075,household,dual_zone,1,2011,15,Obolon
UA606666,household,single,0,1998,27,Darnytsia
UA607102,household,dual_zone,1,2023,2,Sviatoshyn
UA607988,household,single,0,2019,7,Sviatoshyn
UA608106,household,dual_zone,1,2003,23,Darnytsia
UA608630,household,single,0,2023,2,Solomianka
UA609754,household,dual_zone,1,2009,17,Obolon
UA612790,household,dual_zone,0,2002,24,Podil
UA617358,household,single,0,1989,36,Darnytsia
UA617378,household,dual_zone,0,2001,25,Podil
UA621089,industrial,dual_zone,0,2001,24,Podil
UA621832,household,single,0,1986,39,Podil
UA623328,household,single,0,1992,34,Darnytsia
UA623936,household,dual_zone,0,1998,27,Podil
UA624370,household,single,0,1985,40,Solomianka
UA624880,household,single,0,2018,7,Podil
UA625076,household,single,0,2002,24,Podil
UA627907,household,single,1,1990,35,Solomianka
UA628588,household,single,0,2008,18,Obolon
UA629829,household,dual_zone,1,2007,19,Podil
UA629873,household,dual_zone,0,2015,10,Obolon
UA630044,household,single,0,2016,9,Obolon
UA630347,industrial,single,0,2012,14,Darnytsia
UA630611,household,dual_zone,0,2017,9,Podil
UA630957,industrial,single,0,2024,1,Podil
UA634125,household,dual_zone,1,1998,27,Podil
UA634374,household,single,0,1991,35,Podil
00UA635497,household,single,0,2002,24,Obolon
UA637175,small_business,single,0,1992,33,Sviatoshyn
UA637539,small_business,dual_zone,0,2020,6,Solomianka
UA638738,small_business,dual_zone,0,2010,16,Solomianka
UA640595,household,single,0,1993,33,Sviatoshyn
UA641465,small_business,single,0,1999,26,Darnytsia
UA641983,small_business,single,0,2021,4,Podil
UA642932,household,dual_zone,1,1994,32,Solomianka
UA643770,household,dual_zone,1,2011,14,Darnytsia
UA643981,small_business,dual_zone,1,2017,8,Darnytsia
UA644869,household,dual_zone,0,1985,40,Sviatoshyn
UA646661,small_business,single,1,2019,6,Sviatoshyn
UA647308,small_business,dual_zone,1,1999,26,Darnytsia
UA648149,small_business,single,0,1998,28,Sviatoshyn
UA649955,household,single,0,1991,35,Sviatoshyn
UA650129,household,dual_zone,1,1993,33,Darnytsia
UA652341,household,single,0,2009,17,SOLOMIANKA
UA653305,small_business,single,0,2013,13,Darnytsia
UA653818,household,single,0,2021,5,Podil
UA655192,household,single,0,2022,3,Obolon
UA657105,small_business,single,0,2007,19,Podil
UA657663,industrial,single,0,1996,30,Darnytsia
UA664257,household,single,0,2010,16,Darnytsia
UA666579,household,dual_zone,0,2017,9,obolon
UA667046,small_business,single,0,2021,4,Darnytsia
UA667341,household,single,1,2016,10,Darnytsia
UA667614,household,single,0,2019,7,Obolon
UA667821,household,single,0,2006,19,Solomianka
UA667927,household,dual_zone,0,2008,17,Solomianka
UA669541,household,dual_zone,1,2020,5,Solomianka
UA671548,industrial,single,0,2021,4,Darnytsia
UA673453,household,single,0,2002,23,Solomianka
UA674538,small_business,single,0,2000,26,Podil
UA674674,household,single,0,1991,35,Sviatoshyn
UA675372,industrial,single,0,2012,13,Podil
UA679124,industrial,single,0,1987,39,solomianka
UA679477,household,dual_zone,1,1994,32,Podil
UA682885,household,single,0,2010,15,Darnytsia
UA682975,household,single,0,2007,18,Darnytsia
UA684658,household,single,0,2007,19,Podil
UA686704,industrial,single,0,1986,39,Obolon
UA686822,household,single,0,2007,18,Podil
UA687024,small_business,single,0,1997,28,Solomianka
UA688001,household,single,0,2002,23,Solomianka
UA688806,small_business,single,0,2012,14,Darnytsia
UA688848,industrial,single,0,1994,31,Sviatoshyn
UA690216,small_business,single,1,2018,8,Darnytsia
UA691606,industrial,single,0,1989,37,Solomianka
UA692721,household,single,0,2014,11,Obolon
UA694838,household,single,1,1997,29,DARNYTSIA
UA697224,household,single,0,1989,36,Sviatoshyn
UA698586,household,dual_zone,0,1997,29,Podil
UA700535,small_business,single,0,1995,30,Darnytsia
UA701668,household,dual_zone,1,1999,26,PODIL
UA702681,household,dual_zone,1,2008,17,Obolon
UA703013,household,single,0,2017,8,Darnytsia
UA704098,household,single,0,2024,1,obolon
UA704342,household,single,0,2021,5,Darnytsia
UA706114,small_business,single,0,1998,27,Solomianka
UA706973,household,single,0,2016,9,Darnytsia
UA707621,household,single,0,1999,26,Sviatoshyn
UA707692,household,single,0,1993,32,Podil
UA708558,small_business,dual_zone,0,1995,31,Podil
UA708896,small_business,dual_zone,0,1988,38,Darnytsia
UA709041,household,single,0,1999,27,Darnytsia
UA711086,household,single,0,1990,36,Podil
UA711248,small_business,dual_zone,0,2016,10,Obolon
00UA712019,small_business,single,0,2008,18,Darnytsia
UA714451,small_business,dual_zone,0,2004,21,Podil
UA714743,household,dual_zone,0,2001,25,Sviatoshyn
00UA718229,small_business,dual_zone,0,2000,25,Darnytsia
UA718877,industrial,dual_zone,0,1997,29,Obolon
UA722074,household,dual_zone,1,1987,38,Darnytsia
UA722997,household,single,1,2000,25,Podil
UA724004,household,single,1,2016,10,Podil
UA725979,household,dual_zone,0,2010,15,Sviatoshyn
UA727680,household,dual_zone,1,2002,24,Podil
UA727810,household,single,0,2017,8,Sviatoshyn
UA728423,household,single,0,2003,23,sviatoshyn
UA728599,small_business,dual_zone,1,2007,19,Darnytsia
UA728877,household,dual_zone,1,2009,17,sviatoshyn
UA730377,small_business,single,0,1995,30,Sviatoshyn
UA733066,household,single,0,2009,17,Darnytsia
00UA735165,household,single,0,1991,34,Podil
UA736370,household,dual_zone,0,1999,26,Sviatoshyn
UA737611,household,single,0,2000,26,Sviatoshyn
00UA737947,small_business,single,0,1993,32,Obolon
UA739730,small_business,single,0,1985,41,Podil
UA741262,household,single,0,2019,7,obolon
00UA741728,small_business,single,0,2004,21,Sviatoshyn
UA742553,household,single,0,1992,33,Solomianka
00UA742724,household,single,0,1990,36,Solomianka
UA744233,household,single,0,1999,27,Solomianka
UA746149,small_business,single,0,2010,15,Darnytsia
UA746544,household,single,0,1987,38,Darnytsia
UA746743,household,single,0,1996,29,Obolon
00UA748157,small_business,single,0,2002,24,Solomianka
UA748797,household,dual_zone,1,2004,22,Darnytsia
UA749417,household,single,0,1990,36,Obolon
UA753732,small_business,single,0,2022,3,Solomianka
UA755521,household,dual_zone,0,1986,39,Solomianka
UA756725,industrial,single,0,2013,12,Darnytsia
UA757005,industrial,single,0,2002,23,Darnytsia
UA760480,household,dual_zone,0,2001,25,Darnytsia
UA762428,household,dual_zone,1,2014,12,Solomianka
UA763355,household,single,0,2002,23,Sviatoshyn
UA764463,household,dual_zone,1,2013,12,Podil
UA764817,household,single,0,2000,26,Sviatoshyn
UA766026,household,single,0,1987,38,Darnytsia
UA766128,household,single,0,1998,28,Darnytsia
UA767411,household,single,0,1994,31,Sviatoshyn
UA768148,household,single,0,2020,5,Solomianka
UA768624,small_business,single,0,1985,40,Solomianka
UA775003,household,single,0,1995,31,Darnytsia
UA775666,industrial,single,0,2001,25,Podil
UA775721,household,dual_zone,1,2007,18,Darnytsia
UA775882,household,single,0,1992,34,Obolon
00UA776180,household,dual_zone,0,1985,40,Podil
UA776560,household,single,1,2007,19,Solomianka
UA778301,household,dual_zone,0,2015,10,Obolon
UA779545,household,dual_zone,1,2000,26,Darnytsia
UA781237,household,single,0,1996,30,Sviatoshyn
UA782148,industrial,dual_zone,0,1985,40,SOLOMIANKA
UA782735,small_business,single,0,2020,5,Solomianka
UA782877,household,single,0,2004,21,Podil
UA784775,household,single,0,2010,15,Sviatoshyn
UA786165,household,single,1,2017,9,Darnytsia
UA787729,small_business,dual_zone,1,1986,40,Solomianka
UA788543,household,dual_zone,1,1998,27,Sviatoshyn
UA789798,household,dual_zone,0,2007,19,Darnytsia
UA790410,small_business,single,0,2000,26,Sviatoshyn
UA790438,household,single,1,2014,12,Podil
UA793316,small_business,single,0,2012,14,Obolon
UA794084,small_business,single,0,2024,1,Solomianka
UA795673,household,single,0,1985,40,Solomianka
UA798747,small_business,single,1,2013,13,podil
UA799102,household,single,0,2008,17,Solomianka
UA800341,household,single,0,1995,30,Podil
UA801120,household,single,0,2014,12,Podil
UA801626,small_business,dual_zone,0,2016,9,Darnytsia
UA802061,small_business,single,0,2013,12,Obolon
UA804203,household,single,0,2022,4,Obolon
UA804437,household,single,0,2021,4,Solomianka
UA804662,small_business,single,0,1995,30,Podil
UA808675,household,single,0,2015,10,darnytsia
UA809403,household,single,0,2012,14,Sviatoshyn
UA809608,household,single,0,2023,2,DARNYTSIA
UA809849,small_business,single,0,2007,19,Podil
UA811898,household,dual_zone,0,1991,35,Solomianka
UA811923,household,dual_zone,0,2011,14,darnytsia
UA812410,household,single,0,1993,33,Podil
UA812792,household,single,0,1999,26,Sviatoshyn
UA815478,household,single,0,1988,38,Obolon
UA820322,small_business,single,0,2013,12,Darnytsia
UA820927,household,single,0,2023,2,Obolon
UA821834,industrial,dual_zone,0,2001,24,Solomianka
UA821930,industrial,dual_zone,0,1989,37,Darnytsia
UA822193,small_business,single,0,2000,26,Solomianka
UA824144,industrial,single,0,2005,20,Obolon
UA824738,small_business,single,0,1991,34,Podil
UA825691,small_business,dual_zone,0,2016,9,Solomianka
UA825744,small_business,single,1,1989,36,SOLOMIANKA
UA826031,household,dual_zone,1,1999,27,Solomianka
UA826573,household,single,0,2012,14,Podil
UA828195,household,single,0,2002,23,Darnytsia
UA828577,household,single,0,2006,20,Sviatoshyn
UA830004,industrial,single,0,2014,11,PODIL
UA830887,household,single,0,2012,13,Solomianka
UA831355,household,dual_zone,1,1997,28,Solomianka
UA832237,household,single,0,1998,28,Obolon
UA833126,small_business,dual_zone,0,2014,12,Obolon
UA833885,household,dual_zone,0,1997,28,Podil
UA835451,small_business,single,0,1989,36,Sviatoshyn
UA835559,small_business,dual_zone,1,1994,32,Obolon
UA835730,small_business,single,0,2012,14,Darnytsia
UA835754,industrial,single,0,1999,27,Podil
UA835894,household,single,0,2014,11,Podil
UA836028,household,single,0,2023,2,Darnytsia
UA837859,small_business,single,0,2010,15,Solomianka
UA838506,household,dual_zone,0,1987,39,Solomianka
UA838768,household,single,0,1990,36,Sviatoshyn
UA842242,industrial,single,0,2002,23,Obolon
UA843752,household,single,0,2012,13,Darnytsia
UA845025,household,single,0,1988,38,Obolon
UA845840,industrial,single,0,2010,16,Solomianka
UA847091,small_business,dual_zone,1,2008,17,DARNYTSIA
UA848751,household,single,0,2020,6,Darnytsia
UA850197,small_business,single,0,2009,16,Darnytsia
UA851339,household,single,0,1993,33,Obolon
UA851540,small_business,single,0,2003,23,Podil
UA852684,household,single,0,2013,13,Sviatoshyn
UA854546,household,single,0,2014,12,Sviatoshyn
UA855591,household,single,0,2003,23,Podil
UA855712,industrial,single,0,2018,8,Obolon
UA855951,household,dual_zone,0,2018,7,Podil
UA856573,household,single,0,2011,14,Darnytsia
UA857328,household,single,0,1988,38,Obolon
UA857415,household,single,0,1999,26,Solomianka
UA858411,small_business,dual_zone,1,2019,7,Darnytsia
UA859840,household,single,0,1985,40,Darnytsia
UA860972,household,single,0,2003,22,Solomianka
UA861161,small_business,single,0,2018,8,Podil
UA862008,industrial,dual_zone,0,1990,35,Sviatoshyn
UA864918,household,single,0,2003,23,Podil
UA865784,industrial,single,0,1990,35,Podil
UA867323,household,single,0,2015,10,Obolon
UA869442,industrial,single,0,2006,20,Solomianka
UA869812,household,single,0,1994,32,Obolon
UA875469,household,single,1,1997,29,Obolon
UA878440,household,dual_zone,0,1985,41,Sviatoshyn
UA880121,household,single,0,1985,41,Podil
UA881649,household,single,0,1998,27,Podil
UA881722,household,single,0,2012,14,Solomianka
UA883916,household,dual_zone,1,2016,10,Solomianka
UA885357,household,dual_zone,0,2012,14,Darnytsia
UA886049,industrial,single,0,2012,14,Sviatoshyn
UA886430,household,dual_zone,1,1992,33,Solomianka
UA887162,household,single,0,2003,23,Obolon
UA888046,household,dual_zone,1,2010,16,Darnytsia
UA888154,household,dual_zone,0,1991,34,Solomianka
UA888658,industrial,single,0,2022,4,Darnytsia
UA888769,household,dual_zone,1,1995,30,Darnytsia
UA889875,household,single,0,2008,18,Podil
UA889984,household,single,0,2022,3,Sviatoshyn
UA891060,household,single,0,1986,39,Solomianka
UA891847,household,single,0,2008,17,Darnytsia
UA893197,household,single,0,1996,29,Sviatoshyn
UA893836,household,single,0,2016,9,Darnytsia
UA894280,household,dual_zone,1,1986,39,Solomianka
UA896113,small_business,single,0,2016,10,Obolon
UA897907,household,single,0,1995,30,Obolon
UA900925,industrial,dual_zone,0,2023,2,Solomianka
UA902657,household,single,0,1987,38,Darnytsia
UA903184,household,dual_zone,0,2022,3,solomianka
UA903228,industrial,single,0,2024,2,Darnytsia
UA906625,household,dual_zone,1,1987,39,Darnytsia
UA906833,household,single,0,2006,19,Solomianka
UA907980,household,single,0,1991,35,Obolon
UA910504,household,single,0,2006,19,Podil
UA910679,household,single,0,2009,16,solomianka
UA910807,industrial,single,0,2018,7,Podil
UA912960,household,single,0,1989,36,Podil
UA913150,household,dual_zone,1,2016,10,Obolon
UA913194,small_business,single,0,2004,22,Solomianka
UA913278,household,single,1,1995,31,Solomianka
UA914054,small_business,dual_zone,1,2019,6,Darnytsia
UA914416,household,single,0,2024,2,Sviatoshyn
UA914489,household,dual_zone,0,2010,15,Solomianka
00UA917431,household,single,0,1997,28,Sviatoshyn
UA920010,household,single,0,2010,15,SOLOMIANKA
UA920629,household,single,1,1994,32,Solomianka
UA921422,household,single,0,2018,8,Podil
UA921492,industrial,single,0,2020,5,Solomianka
UA921608,household,single,0,1997,29,Solomianka
UA922273,small_business,dual_zone,0,1992,34,Podil
UA924093,household,single,0,1986,39,Podil
UA924146,household,single,0,1987,38,Solomianka
UA928075,household,single,0,1985,40,Podil
UA930364,household,single,0,1997,29,Podil
UA931011,household,single,1,2010,15,Solomianka
UA931086,household,dual_zone,1,1991,34,Solomianka
UA932212,small_business,single,0,2008,17,Obolon
UA933685,household,dual_zone,1,2003,23,Sviatoshyn
UA933882,household,single,0,2000,25,Darnytsia
UA935632,household,dual_zone,1,2021,5,Podil
00UA935982,household,single,1,2012,13,Podil
UA936412,household,dual_zone,1,2014,12,Sviatoshyn
UA936485,small_business,dual_zone,0,2001,24,Solomianka
UA941148,small_business,dual_zone,0,1991,34,Obolon
UA942297,household,dual_zone,0,2000,26,Podil
UA942301,small_business,single,0,2019,7,Darnytsia
UA942414,household,single,0,2014,12,Obolon
UA944440,household,dual_zone,0,2011,14,Darnytsia
UA947480,household,single,1,1986,39,Podil
UA948391,household,dual_zone,0,2024,1,Sviatoshyn
UA952028,household,dual_zone,1,2004,22,Solomianka
UA952524,industrial,single,0,1986,40,Darnytsia
UA953501,small_business,single,0,2017,9,Podil
UA954709,household,single,0,2003,23,Solomianka
UA955273,household,single,0,2020,5,Solomianka
UA955517,household,single,1,2020,6,Solomianka
UA955638,household,single,0,1988,37,Darnytsia
UA956094,household,dual_zone,0,1999,27,Obolon
UA956802,industrial,single,0,2023,3,Podil
UA957340,household,dual_zone,0,2024,2,Solomianka
UA958603,small_business,single,0,2002,24,Solomianka
00UA958883,household,dual_zone,0,2011,14,Solomianka
UA959101,household,single,1,2018,8,Solomianka
UA959237,household,single,0,1997,28,Solomianka
UA959722,household,single,0,1994,31,Obolon
00UA959933,small_business,single,0,2019,7,Sviatoshyn
UA961575,industrial,single,0,2010,16,Obolon
UA962634,household,dual_zone,1,1997,28,Darnytsia
UA963773,household,single,0,2017,9,Obolon
UA964195,household,single,0,2010,16,Darnytsia
UA965028,small_business,single,0,2010,15,Obolon
UA965891,household,dual_zone,0,2014,11,Podil
UA968367,household,dual_zone,1,1986,40,Podil
UA971515,household,dual_zone,0,2011,14,Solomianka
00UA979410,household,dual_zone,0,1990,35,Obolon
UA981264,household,dual_zone,0,2014,12,Obolon
UA981461,small_business,dual_zone,0,2014,11,Darnytsia
UA984105,household,dual_zone,0,1997,29,Podil
UA984997,household,dual_zone,0,2023,2,Sviatoshyn
UA988028,household,single,0,2002,24,Solomianka
UA988480,household,dual_zone,0,1989,36,Sviatoshyn
UA988732,household,single,1,2015,10,Solomianka
UA989543,household,single,0,2004,22,Podil
UA991140,household,dual_zone,1,2022,3,Podil
UA992703,household,single,0,1996,30,Darnytsia
UA993126,small_business,dual_zone,0,1999,26,Sviatoshyn
00UA993277,industrial,single,0,1994,31,Darnytsia
UA993344,small_business,single,0,2017,8,Obolon
UA994004,household,dual_zone,1,2016,9,Darnytsia
UA996234,household,single,0,1990,36,Darnytsia
UA996932,household,single,0,2015,11,Sviatoshyn
UA998074,industrial,dual_zone,0,1997,28,sviatoshyn
UA998941,small_business,dual_zone,0,2001,25,Darnytsia
UA999176,household,single,0,2002,24,Sviatoshyn